<prezi xsi:schemaLocation="http://prezi.com/schema/prezi/2 http://prezi.com/schema/prezi/2" xmlns:xsi="http://www.w3.org/2001/XMLSchema-instance" version="2" xmlns="http://prezi.com/schema/prezi/2"><xFields><xField name="preziType"><xEnum type="PreziType" value="converted-from-core"/></xField></xFields><documentStyle><documentStyle><fontClasses><array><fontClass><fontFamily><string value="Arimo"/></fontFamily><name><string value="body"/></name></fontClass><fontClass><fontFamily><string value="Arimo"/></fontFamily><fontWeight><fontWeight value="bold"/></fontWeight><name><string value="head"/></name></fontClass><fontClass><fontFamily><string value="Arimo"/></fontFamily><fontStyle><fontStyle value="italic"/></fontStyle><fontWeight><fontWeight value="bold"/></fontWeight><name><string value="strong"/></name></fontClass></array></fontClasses><fontFamilies><array><fontFamily><fontFaces><array><fontFace><fontSrc><string value="Arimo-Regular.keg"/></fontSrc></fontFace><fontFace><fontSrc><string value="Arimo-Bold.keg"/></fontSrc><fontWeight><fontWeight value="bold"/></fontWeight></fontFace><fontFace><fontSrc><string value="Arimo-BoldItalic.keg"/></fontSrc><fontStyle><fontStyle value="italic"/></fontStyle><fontWeight><fontWeight value="bold"/></fontWeight></fontFace><fontFace><fontSrc><string value="Arimo-Italic.keg"/></fontSrc><fontStyle><fontStyle value="italic"/></fontStyle></fontFace></array></fontFaces><name><string value="Arimo"/></name></fontFamily></array></fontFamilies><styleDeclarations><array><styleDeclaration><styleBlock><styleBlock><gradEndAlpha><double value="0.7"/></gradEndAlpha><gradStartAlpha><double value="0.5"/></gradStartAlpha></styleBlock></styleBlock><styleSelector><simpleSelector value="zCircle"/></styleSelector></styleDeclaration><styleDeclaration><styleBlock><styleBlock><color><color value="#C7C7C4"/></color><fillType><fillType value="linear"/></fillType><gradEndColor><color value="#C7C7C4"/></gradEndColor><gradStartColor><color value="#C7C7C4"/></gradStartColor></styleBlock></styleBlock><styleSelector><simpleSelector value="*.line1"/></styleSelector></styleDeclaration><styleDeclaration><styleBlock><styleBlock><color><color value="#555555"/></color><fillType><fillType value="linear"/></fillType><gradEndColor><color value="#555555"/></gradEndColor><gradStartColor><color value="#888888"/></gradStartColor></styleBlock></styleBlock><styleSelector><simpleSelector value="*.line2"/></styleSelector></styleDeclaration><styleDeclaration><styleBlock><styleBlock><color><color value="#5374EC"/></color><fillType><fillType value="linear"/></fillType><gradEndColor><color value="#5374EC"/></gradEndColor><gradStartColor><color value="#5374EC"/></gradStartColor></styleBlock></styleBlock><styleSelector><simpleSelector value="*.line3"/></styleSelector></styleDeclaration><styleDeclaration><styleBlock><styleBlock><color><color value="#66E186"/></color><fillType><fillType value="linear"/></fillType><gradEndColor><color value="#66E186"/></gradEndColor><gradStartColor><color value="#66E186"/></gradStartColor></styleBlock></styleBlock><styleSelector><simpleSelector value="*.line4"/></styleSelector></styleDeclaration><styleDeclaration><styleBlock><styleBlock><color><color value="#FA5151"/></color><fillType><fillType value="linear"/></fillType><gradEndColor><color value="#FA5151"/></gradEndColor><gradStartColor><color value="#FA5151"/></gradStartColor></styleBlock></styleBlock><styleSelector><simpleSelector value="*.line5"/></styleSelector></styleDeclaration><styleDeclaration><styleBlock><styleBlock><color><color value="#FFFFFF"/></color><fillType><fillType value="linear"/></fillType><gradEndColor><color value="#C7C7C4"/></gradEndColor><gradStartColor><color value="#C7C7C4"/></gradStartColor></styleBlock></styleBlock><styleSelector><simpleSelector value="*.poly1"/></styleSelector></styleDeclaration><styleDeclaration><styleBlock><styleBlock><color><color value="#FFFFFF"/></color><fillType><fillType value="linear"/></fillType><gradEndColor><color value="#000000"/></gradEndColor><gradStartColor><color value="#333333"/></gradStartColor></styleBlock></styleBlock><styleSelector><simpleSelector value="*.poly2"/></styleSelector></styleDeclaration><styleDeclaration><styleBlock><styleBlock><color><color value="#FFFFFF"/></color><fillType><fillType value="linear"/></fillType><gradEndColor><color value="#5374EC"/></gradEndColor><gradStartColor><color value="#5374EC"/></gradStartColor></styleBlock></styleBlock><styleSelector><simpleSelector value="*.poly3"/></styleSelector></styleDeclaration><styleDeclaration><styleBlock><styleBlock><color><color value="#FFFFFF"/></color><fillType><fillType value="linear"/></fillType><gradEndColor><color value="#66E186"/></gradEndColor><gradStartColor><color value="#66E186"/></gradStartColor></styleBlock></styleBlock><styleSelector><simpleSelector value="*.poly4"/></styleSelector></styleDeclaration><styleDeclaration><styleBlock><styleBlock><color><color value="#FFFFFF"/></color><fillType><fillType value="linear"/></fillType><gradEndColor><color value="#FA5151"/></gradEndColor><gradStartColor><color value="#FA5151"/></gradStartColor></styleBlock></styleBlock><styleSelector><simpleSelector value="*.poly5"/></styleSelector></styleDeclaration><styleDeclaration><styleBlock><styleBlock><fillType><fillType value="linear"/></fillType><gradEndColor><color value="#FFFFFF"/></gradEndColor><gradStartColor><color value="#FFFFFF"/></gradStartColor></styleBlock></styleBlock><styleSelector><simpleSelector value="background"/></styleSelector></styleDeclaration><styleDeclaration><styleBlock><styleBlock><borderAlpha><double value="0"/></borderAlpha><borderThickness><double value="0"/></borderThickness><fillType><fillType value="linear"/></fillType><gradEndAlpha><double value="1"/></gradEndAlpha><gradEndColor><color value="#FFFFFF"/></gradEndColor><gradStartAlpha><double value="1"/></gradStartAlpha><gradStartColor><color value="#FFFFFF"/></gradStartColor><thickness><double value="10"/></thickness></styleBlock></styleBlock><styleSelector><simpleSelector value="zArrow"/></styleSelector></styleDeclaration><styleDeclaration><styleBlock><styleBlock><borderAlpha><double value="0"/></borderAlpha><gradEndAlpha><double value="1"/></gradEndAlpha><gradStartAlpha><double value="1"/></gradStartAlpha><radius><double value="0"/></radius><thickness><double value="100"/></thickness></styleBlock></styleBlock><styleSelector><simpleSelector value="zCircle"/></styleSelector></styleDeclaration><styleDeclaration><styleBlock><styleBlock><color><color value="#FFFFFF"/></color></styleBlock></styleBlock><styleSelector><simpleSelector value="zPencil"/></styleSelector></styleDeclaration><styleDeclaration><styleBlock><styleBlock><borderAlpha><double value="0"/></borderAlpha><borderColor><color value="#318BFF"/></borderColor><borderThickness><double value="0"/></borderThickness><fillType><fillType value="linear"/></fillType><gradEndAlpha><double value="1"/></gradEndAlpha><gradEndColor><color value="#318BFF"/></gradEndColor><gradStartAlpha><double value="1"/></gradStartAlpha><gradStartColor><color value="#318BFF"/></gradStartColor><padding><double value="1.03"/></padding><thickness><double value="3"/></thickness></styleBlock></styleBlock><styleSelector><simpleSelector value="zBracketFrame"/></styleSelector></styleDeclaration><styleDeclaration><styleBlock><styleBlock><borderAlpha><double value="0"/></borderAlpha><borderColor><color value="#333333"/></borderColor><borderThickness><double value="3"/></borderThickness><fillType><fillType value="linear"/></fillType><gradEndAlpha><double value="1"/></gradEndAlpha><gradEndColor><color value="#318BFF"/></gradEndColor><gradStartAlpha><double value="1"/></gradStartAlpha><gradStartColor><color value="#318BFF"/></gradStartColor><padding><double value="1.03"/></padding><thickness><double value="3"/></thickness></styleBlock></styleBlock><styleSelector><simpleSelector value="zCircleFrame"/></styleSelector></styleDeclaration><styleDeclaration><styleBlock><styleBlock><borderAlpha><double value="1"/></borderAlpha><borderColor><color value="#318BFF"/></borderColor><borderThickness><double value="10"/></borderThickness><fillType><fillType value="linear"/></fillType><gradEndAlpha><double value="0.2"/></gradEndAlpha><gradEndColor><color value="#318BFF"/></gradEndColor><gradStartAlpha><double value="0"/></gradStartAlpha><gradStartColor><color value="#318BFF"/></gradStartColor><padding><double value="1.03"/></padding><radius><double value="1"/></radius><thickness><double value="3"/></thickness></styleBlock></styleBlock><styleSelector><simpleSelector value="zRectangleFrame"/></styleSelector></styleDeclaration><styleDeclaration><styleBlock><styleBlock><padding><double value="1.2"/></padding></styleBlock></styleBlock><styleSelector><simpleSelector value="zText"/></styleSelector></styleDeclaration><styleDeclaration><styleBlock><styleBlock><color><color value="#333333"/></color><fontClass><string value="body"/></fontClass></styleBlock></styleBlock><styleSelector><simpleSelector value="zText.body"/></styleSelector></styleDeclaration><styleDeclaration><styleBlock><styleBlock><backgroundAlpha><double value="0.9"/></backgroundAlpha><backgroundColor><color value="#E4E4DD"/></backgroundColor><backgroundPadding><double value="6"/></backgroundPadding></styleBlock></styleBlock><styleSelector><simpleSelector value="zText.body-background"/></styleSelector></styleDeclaration><styleDeclaration><styleBlock><styleBlock><color><color value="#333333"/></color><fontClass><string value="head"/></fontClass></styleBlock></styleBlock><styleSelector><simpleSelector value="zText.title"/></styleSelector></styleDeclaration><styleDeclaration><styleBlock><styleBlock><backgroundAlpha><double value="0.9"/></backgroundAlpha><backgroundColor><color value="#F6F1A6"/></backgroundColor><backgroundPadding><double value="6"/></backgroundPadding></styleBlock></styleBlock><styleSelector><simpleSelector value="zText.title-background"/></styleSelector></styleDeclaration><styleDeclaration><styleBlock><styleBlock><color><color value="#333333"/></color><fontClass><string value="strong"/></fontClass></styleBlock></styleBlock><styleSelector><simpleSelector value="zText.subtitle"/></styleSelector></styleDeclaration><styleDeclaration><styleBlock><styleBlock><backgroundAlpha><double value="0.9"/></backgroundAlpha><backgroundColor><color value="#D3E2EE"/></backgroundColor><backgroundPadding><double value="6"/></backgroundPadding></styleBlock></styleBlock><styleSelector><simpleSelector value="zText.subtitle-background"/></styleSelector></styleDeclaration><styleDeclaration><styleBlock><styleBlock><color><color value="#FFFFFF"/></color></styleBlock></styleBlock><styleSelector><simpleSelector value="zLine"/></styleSelector></styleDeclaration><styleDeclaration><styleBlock><styleBlock><alpha><double value="0.65"/></alpha><color><color value="#F0EA82"/></color></styleBlock></styleBlock><styleSelector><simpleSelector value="zMarker"/></styleSelector></styleDeclaration><styleDeclaration><styleBlock><styleBlock><borderAlpha><double value="0"/></borderAlpha><gradEndAlpha><double value="1"/></gradEndAlpha><gradStartAlpha><double value="1"/></gradStartAlpha><radius><double value="0"/></radius><thickness><double value="100"/></thickness></styleBlock></styleBlock><styleSelector><simpleSelector value="zTriangle"/></styleSelector></styleDeclaration><styleDeclaration><styleBlock><styleBlock><borderAlpha><double value="0"/></borderAlpha><gradEndAlpha><double value="1"/></gradEndAlpha><gradStartAlpha><double value="1"/></gradStartAlpha><radius><double value="0"/></radius><thickness><double value="100"/></thickness></styleBlock></styleBlock><styleSelector><simpleSelector value="zSquare"/></styleSelector></styleDeclaration></array></styleDeclarations></documentStyle></documentStyle><path><array><flyToObject><target><ref value="8"/></target></flyToObject><flyToObject><actions><array><fadeInObject><target><ref value="20_250599723"/></target></fadeInObject><fadeInObject><target><ref value="21_250599723"/></target></fadeInObject><fadeInObject><target><ref value="22_250599723"/></target></fadeInObject></array></actions><target><ref value="9"/></target></flyToObject><flyToObject><target><ref value="24_250599723"/></target></flyToObject><flyToObject><actions><array><fadeInObject><target><ref value="35_250599723"/></target></fadeInObject><fadeInObject><target><ref value="32_250599723"/></target></fadeInObject><fadeInObject><target><ref value="33_250599723"/></target></fadeInObject><fadeInObject><target><ref value="34_250599723"/></target></fadeInObject></array></actions><target><ref value="10"/></target></flyToObject><flyToObject><target><ref value="73_250599723"/></target></flyToObject><flyToObject><target><ref value="74_250599723"/></target></flyToObject><flyToObject><target><ref value="75_250599723"/></target></flyToObject><flyToObject><target><ref value="76_250599723"/></target></flyToObject><flyToObject><target><ref value="77_250599723"/></target></flyToObject><flyToObject><target><ref value="13"/></target></flyToObject><flyToObject><actions><array><fadeInObject><target><ref value="28_250599723"/></target></fadeInObject><fadeInObject><target><ref value="29_250599723"/></target></fadeInObject><fadeInObject><target><ref value="30_250599723"/></target></fadeInObject></array></actions><target><ref value="26_250599723"/></target></flyToObject><flyToObject><actions><array><fadeInObject><target><ref value="31_250599723"/></target></fadeInObject></array></actions><target><ref value="14"/></target></flyToObject><flyToObject><target><ref value="15"/></target></flyToObject><flyToObject><target><ref value="48_250599723"/></target></flyToObject><flyToObject><target><ref value="46_250599723"/></target></flyToObject><flyToObject><target><ref value="47_250599723"/></target></flyToObject><flyToObject><target><ref value="25_250599723"/></target></flyToObject><flyToObject><target><ref value="49_250599723"/></target></flyToObject><flyToObject><target><ref value="16"/></target></flyToObject><flyToObject><target><ref value="18"/></target></flyToObject></array></path><zObjects><array><zGroup><children><array><ref value="55_250599723"/><ref value="63_250599723"/></array></children><id><string value="81_250599723"/></id><localToWorld><transform2D x="11694.662442760862" y="-19034.590483857322" scale="4.707989845576879" rotation="0.10831564614095576"/></localToWorld></zGroup><zGroup><children><array><ref value="45_250599723"/><ref value="60_250599723"/></array></children><id><string value="80_250599723"/></id><localToWorld><transform2D x="12287.148526074088" y="-19643.621689946896" scale="4.707989845576879" rotation="0"/></localToWorld></zGroup><zGroup><children><array><ref value="27_250599723"/><ref value="65_250599723"/></array></children><id><string value="82_250599723"/></id><localToWorld><transform2D x="13008.39743078731" y="-18057.790366335346" scale="4.707989845576879" rotation="0"/></localToWorld></zGroup><zGroup><children><array><ref value="57_250599723"/><ref value="61_250599723"/></array></children><id><string value="37_250599723"/></id><localToWorld><transform2D x="11726.447080662345" y="-17076.71635898047" scale="4.713860125099373" rotation="0"/></localToWorld></zGroup><zGroup><children><array><ref value="64_250599723"/><ref value="78_250599723"/></array></children><id><string value="83_250599723"/></id><localToWorld><transform2D x="12574.004103950583" y="-20256.10691706663" scale="4.70798984557688" rotation="-0.016155378757112666"/></localToWorld></zGroup><zImage><assetSourceFilename><string value="FroggersPraese_Hintergrund.jpg"/></assetSourceFilename><height><double value="4005"/></height><id><string value="8_250599723"/></id><localToWorld><transform2D x="-2.4939495831858662E-12" y="-17246.039083940035" scale="17.987559430211356" rotation="0"/></localToWorld><onlineAssetId><string value="4706654892"/></onlineAssetId><onlineAssetUrl><string value="http://0103.static.prezi.com.s3.amazonaws.com/media/c/6/d/9adf732f73cc7c579bde45b093456a0ef1195.jpg"/></onlineAssetUrl><width><double value="4985"/></width></zImage><zImage><assetSourceFilename><string value="FroggerPraeseTitel.png"/></assetSourceFilename><height><double value="1814"/></height><id><string value="1"/></id><localToWorld><transform2D x="-29117.079152976876" y="11553.31913186629" scale="1.2822208193210785" rotation="0"/></localToWorld><onlineAssetId><string value="4704008356"/></onlineAssetId><onlineAssetUrl><string value="http://0103.static.prezi.com.s3.amazonaws.com/media/8/b/e/e96dcc1611a95bf80561a6a187b5dd8da3b1b.png"/></onlineAssetUrl><width><double value="4783"/></width></zImage><zImage><assetSourceFilename><string value="UMeLs.png"/></assetSourceFilename><height><double value="788"/></height><id><string value="2"/></id><localToWorld><transform2D x="-28049.882836787663" y="13522.559791953092" scale="1.0410372132783974" rotation="0"/></localToWorld><onlineAssetId><string value="4704008503"/></onlineAssetId><onlineAssetUrl><string value="http://0103.static.prezi.com.s3.amazonaws.com/media/d/1/b/610e309301536ed86c2be1fc5dcd55e704259.png"/></onlineAssetUrl><width><double value="3844"/></width></zImage><zInvisibleFrame><height><double value="975.5456033109076"/></height><id><string value="9"/></id><localToWorld><transform2D x="-31452.0015564529" y="-3857.1504956511453" scale="6.098500170217327" rotation="0"/></localToWorld><styleClasses><array><token value="invisible"/></array></styleClasses><width><double value="1098.631011724472"/></width></zInvisibleFrame><zImage><assetSourceFilename><string value="Frosch_Animation_runterHoch_Bewegung_01.png"/></assetSourceFilename><height><double value="250"/></height><id><string value="13_250599723"/></id><localToWorld><transform2D x="-25069.171342368114" y="7002.489185070181" scale="15.303804854451993" rotation="0"/></localToWorld><onlineAssetId><string value="4705646460"/></onlineAssetId><onlineAssetUrl><string value="http://0103.static.prezi.com.s3.amazonaws.com/media/f/7/2/7ee68ef83721a53963c001b1040faaed0bce8.png"/></onlineAssetUrl><width><double value="250"/></width></zImage><zImage><assetSourceFilename><string value="Frosch_Animation_linksRechts_Bewegung_01.png"/></assetSourceFilename><height><double value="250"/></height><id><string value="14_250599723"/></id><localToWorld><transform2D x="-26914.415325851627" y="-1705.936743882798" scale="6.106404509323477" rotation="0"/></localToWorld><onlineAssetId><string value="4705646800"/></onlineAssetId><onlineAssetUrl><string value="http://0103.static.prezi.com.s3.amazonaws.com/media/7/2/2/1c6456281be4301a119edc1fce4c2483d59ca.png"/></onlineAssetUrl><width><double value="250"/></width></zImage><zInvisibleFrame><height><double value="1261.604822948821"/></height><id><string value="8"/></id><localToWorld><transform2D x="-29157.291599225253" y="12670.246226580266" scale="6.098500170217327" rotation="0"/></localToWorld><styleClasses><array><token value="invisible"/></array></styleClasses><width><double value="1875.4585899097951"/></width></zInvisibleFrame><zInvisibleFrame><height><double value="1738.5533656084897"/></height><id><string value="10"/></id><localToWorld><transform2D x="1493.4803845319511" y="260.32560157694843" scale="6.207301300047282" rotation="0"/></localToWorld><styleClasses><array><token value="invisible"/></array></styleClasses><width><double value="2939.8772817461504"/></width></zInvisibleFrame><zInvisibleFrame><height><double value="511.89476793142967"/></height><id><string value="13"/></id><localToWorld><transform2D x="17641.316231587345" y="247.5893858521409" scale="9.31095195007092" rotation="0"/></localToWorld><styleClasses><array><token value="invisible"/></array></styleClasses><width><double value="800"/></width></zInvisibleFrame><zInvisibleFrame><height><double value="835.5167220207786"/></height><id><string value="14"/></id><localToWorld><transform2D x="28934.239564838972" y="-9066.160917506362" scale="9.31095195007092" rotation="0"/></localToWorld><styleClasses><array><token value="invisible"/></array></styleClasses><width><double value="800"/></width></zInvisibleFrame><zInvisibleFrame><height><double value="673.3806993310491"/></height><id><string value="15"/></id><localToWorld><transform2D x="34012.84920228243" y="-22582.077300862275" scale="9.31095195007092" rotation="0"/></localToWorld><styleClasses><array><token value="invisible"/></array></styleClasses><width><double value="1008.9190991140464"/></width></zInvisibleFrame><zInvisibleFrame><height><double value="1234.4285704741171"/></height><id><string value="17"/></id><localToWorld><transform2D x="-28491.78922926124" y="-29497.145716120864" scale="10.630889286990291" rotation="0"/></localToWorld><styleClasses><array><token value="invisible"/></array></styleClasses><width><double value="1640.684561694998"/></width></zInvisibleFrame><zInvisibleFrame><height><double value="937.7145472615956"/></height><id><string value="18"/></id><localToWorld><transform2D x="-28708.85039940642" y="-42885.15467430634" scale="10.630889286990291" rotation="0"/></localToWorld><styleClasses><array><token value="invisible"/></array></styleClasses><width><double value="1077.721170425415"/></width></zInvisibleFrame><zImage><assetSourceFilename><string value="Frosch_Animation_linksRechts_Bewegung_01.png"/></assetSourceFilename><height><double value="250"/></height><id><string value="17_250599723"/></id><localToWorld><transform2D x="11173.237799180148" y="-3176.097316555074" scale="9.595778514651178" rotation="0"/></localToWorld><onlineAssetId><string value="4705646800"/></onlineAssetId><onlineAssetUrl><string value="http://0103.static.prezi.com.s3.amazonaws.com/media/7/2/2/1c6456281be4301a119edc1fce4c2483d59ca.png"/></onlineAssetUrl><width><double value="250"/></width></zImage><zImage><assetSourceFilename><string value="Frosch_Animation_runterHoch_Stand.png"/></assetSourceFilename><height><double value="250"/></height><id><string value="18_250599723"/></id><localToWorld><transform2D x="-32697.253797297963" y="9070.15529633821" scale="7.226377846178451" rotation="0"/></localToWorld><onlineAssetId><string value="4705647770"/></onlineAssetId><onlineAssetUrl><string value="http://0103.static.prezi.com.s3.amazonaws.com/media/f/2/3/3e7e84b9e4c48be11495f9afb450be0620690.png"/></onlineAssetUrl><width><double value="250"/></width></zImage><zImage><assetSourceFilename><string value="Schriftzug_DieUMeLs.png"/></assetSourceFilename><height><double value="128"/></height><id><string value="19_250599723"/></id><localToWorld><transform2D x="-31548.478693886787" y="-4820.4648947234955" scale="8.035531380619803" rotation="-0.11979979031455228"/></localToWorld><onlineAssetId><string value="4705657938"/></onlineAssetId><onlineAssetUrl><string value="http://0103.static.prezi.com.s3.amazonaws.com/media/5/5/d/13b04abdb52ab109a24b111f948acb9c9ad8f.png"/></onlineAssetUrl><width><double value="731"/></width></zImage><zImage><assetSourceFilename><string value="Schriftzug_Manuel.png"/></assetSourceFilename><height><double value="131"/></height><id><string value="20_250599723"/></id><localToWorld><transform2D x="-30875.194060118913" y="-3637.2027799611706" scale="3.5445882574200005" rotation="0"/></localToWorld><onlineAssetId><string value="4705658717"/></onlineAssetId><onlineAssetUrl><string value="http://0103.static.prezi.com.s3.amazonaws.com/media/a/d/d/0ac399f3dbe3107769c9f5325f7f475553a4a.png"/></onlineAssetUrl><width><double value="941"/></width></zImage><zImage><assetSourceFilename><string value="Schriftzug_Mike.png"/></assetSourceFilename><height><double value="130"/></height><id><string value="21_250599723"/></id><localToWorld><transform2D x="-30561.214432276654" y="-2899.3612882966277" scale="3.5445882574200005" rotation="0"/></localToWorld><onlineAssetId><string value="4705659386"/></onlineAssetId><onlineAssetUrl><string value="http://0103.static.prezi.com.s3.amazonaws.com/media/1/3/d/60c3eafa4cbca0fd222582e5e59f25464ef2d.png"/></onlineAssetUrl><width><double value="945"/></width></zImage><zImage><assetSourceFilename><string value="Schriftzug_Salim.png"/></assetSourceFilename><height><double value="129"/></height><id><string value="22_250599723"/></id><localToWorld><transform2D x="-31451.827677835998" y="-2144.7184482919015" scale="3.5445882574200005" rotation="0"/></localToWorld><onlineAssetId><string value="4705659781"/></onlineAssetId><onlineAssetUrl><string value="http://0103.static.prezi.com.s3.amazonaws.com/media/a/8/3/86e437cff4fb73aae50a0bdc20afcd8b3f164.png"/></onlineAssetUrl><width><double value="989"/></width></zImage><zImage><assetSourceFilename><string value="Schriftzug_Statistiken.png"/></assetSourceFilename><height><double value="132"/></height><id><string value="23_250599723"/></id><localToWorld><transform2D x="18140.0313531082" y="-1015.1399391209778" scale="6.94199459677741" rotation="-0.08719745511211309"/></localToWorld><onlineAssetId><string value="4705663936"/></onlineAssetId><onlineAssetUrl><string value="http://0103.static.prezi.com.s3.amazonaws.com/media/e/0/2/80831c2304219e259c6a711faa55cc1000498.png"/></onlineAssetUrl><width><double value="798"/></width></zImage><zImage><assetSourceFilename><string value="Issues.png"/></assetSourceFilename><height><double value="1134"/></height><id><string value="12_250599723"/></id><localToWorld><transform2D x="28558.39303589449" y="-9066.723286230615" scale="6.380258863356001" rotation="0"/></localToWorld><onlineAssetId><string value="4705677112"/></onlineAssetId><onlineAssetUrl><string value="http://0103.static.prezi.com.s3.amazonaws.com/media/d/7/9/88385d45d62b895817631a57ee9ae6707f301.png"/></onlineAssetUrl><width><double value="907"/></width></zImage><zInvisibleFrame><height><double value="2221.1041209744267"/></height><id><string value="26_250599723"/></id><localToWorld><transform2D x="29240.08321094287" y="248.72343245777975" scale="2.978259527955086" rotation="0"/></localToWorld><styleClasses><array><token value="invisible"/></array></styleClasses><width><double value="3305.3686888120474"/></width></zInvisibleFrame><zImage><assetSourceFilename><string value="Schriftzug_Emails.png"/></assetSourceFilename><height><double value="368"/></height><id><string value="28_250599723"/></id><localToWorld><transform2D x="30714.231038600985" y="-1522.633581785312" scale="3.167095077358534" rotation="0"/></localToWorld><onlineAssetId><string value="4706058088"/></onlineAssetId><onlineAssetUrl><string value="http://0103.static.prezi.com.s3.amazonaws.com/media/6/0/7/9e9354abce58886b92d521e3eb1cc301a949d.png"/></onlineAssetUrl><width><double value="867"/></width></zImage><zImage><assetSourceFilename><string value="Schriftzug_WhatsApp.png"/></assetSourceFilename><height><double value="504"/></height><id><string value="29_250599723"/></id><localToWorld><transform2D x="26885.179885849502" y="1068.4358119465776" scale="3.2217193852749575" rotation="0"/></localToWorld><onlineAssetId><string value="4706058329"/></onlineAssetId><onlineAssetUrl><string value="http://0103.static.prezi.com.s3.amazonaws.com/media/8/5/6/dcc862d0001d0761a41b0eae72c289bcec8f4.png"/></onlineAssetUrl><width><double value="947"/></width></zImage><zImage><assetSourceFilename><string value="Schrftzug_Skype.png"/></assetSourceFilename><height><double value="558"/></height><id><string value="30_250599723"/></id><localToWorld><transform2D x="30714.127804631775" y="1068.4358119465776" scale="3.759033471820032" rotation="0"/></localToWorld><onlineAssetId><string value="4706058503"/></onlineAssetId><onlineAssetUrl><string value="http://0103.static.prezi.com.s3.amazonaws.com/media/9/8/8/dc509a87b51d52de6ec4717bfe067d92d3568.png"/></onlineAssetUrl><width><double value="623"/></width></zImage><zImage><assetSourceFilename><string value="Schriftzug_Git.png"/></assetSourceFilename><height><double value="587"/></height><id><string value="31_250599723"/></id><localToWorld><transform2D x="30860.241967520935" y="-8845.191419905717" scale="2.766178143404735" rotation="0"/></localToWorld><onlineAssetId><string value="4706059123"/></onlineAssetId><onlineAssetUrl><string value="http://0103.static.prezi.com.s3.amazonaws.com/media/3/b/c/2e7d069c091264077d7e230ab299fbe771fe6.png"/></onlineAssetUrl><width><double value="1026"/></width></zImage><zImage><assetSourceFilename><string value="Frosch_Animation_runterHoch_Bewegung_01.png"/></assetSourceFilename><height><double value="250"/></height><id><string value="39_250599723"/></id><localToWorld><transform2D x="-25936.399195657556" y="-24765.498168765636" scale="15.303804854452002" rotation="0"/></localToWorld><onlineAssetId><string value="4705646460"/></onlineAssetId><onlineAssetUrl><string value="http://0103.static.prezi.com.s3.amazonaws.com/media/f/7/2/7ee68ef83721a53963c001b1040faaed0bce8.png"/></onlineAssetUrl><width><double value="250"/></width></zImage><zImage><assetSourceFilename><string value="Frosch_Animation_linksRechts_Bewegung_01.png"/></assetSourceFilename><height><double value="250"/></height><id><string value="40_250599723"/></id><localToWorld><transform2D x="-11270.504104201795" y="-15034.997140372036" scale="14.001088434109018" rotation="3.141592653589793"/></localToWorld><onlineAssetId><string value="4705646800"/></onlineAssetId><onlineAssetUrl><string value="http://0103.static.prezi.com.s3.amazonaws.com/media/7/2/2/1c6456281be4301a119edc1fce4c2483d59ca.png"/></onlineAssetUrl><width><double value="250"/></width></zImage><zImage><assetSourceFilename><string value="Frosch_Animation_linksRechts_Bewegung_01.png"/></assetSourceFilename><height><double value="250"/></height><id><string value="41_250599723"/></id><localToWorld><transform2D x="5648.343392511537" y="-22938.050445436336" scale="14.001088434109018" rotation="3.141592653589793"/></localToWorld><onlineAssetId><string value="4705646800"/></onlineAssetId><onlineAssetUrl><string value="http://0103.static.prezi.com.s3.amazonaws.com/media/7/2/2/1c6456281be4301a119edc1fce4c2483d59ca.png"/></onlineAssetUrl><width><double value="250"/></width></zImage><zInvisibleFrame><height><double value="1308.72736390916"/></height><id><string value="48_250599723"/></id><localToWorld><transform2D x="22473.65123993632" y="-16694.634031455465" scale="3.6024394889417026" rotation="0"/></localToWorld><styleClasses><array><token value="invisible"/></array></styleClasses><width><double value="1896.900422418961"/></width></zInvisibleFrame><zInvisibleFrame><height><double value="1085.813424842145"/></height><id><string value="47_250599723"/></id><localToWorld><transform2D x="2935.444156843846" y="-17638.244740780632" scale="4.06199019836361" rotation="0"/></localToWorld><styleClasses><array><token value="invisible"/></array></styleClasses><width><double value="1649.4995285580444"/></width></zInvisibleFrame><zInvisibleFrame><height><double value="1590.4171483287118"/></height><id><string value="46_250599723"/></id><localToWorld><transform2D x="12421.746620331807" y="-18158.5045302237" scale="3.6024394889417026" rotation="0"/></localToWorld><styleClasses><array><token value="invisible"/></array></styleClasses><width><double value="1869.2769858400225"/></width></zInvisibleFrame><zInvisibleFrame><height><double value="1974.9667312192123"/></height><id><string value="49_250599723"/></id><localToWorld><transform2D x="-18392.402064564514" y="-18326.75490954739" scale="2.943316076252527" rotation="0"/></localToWorld><styleClasses><array><token value="invisible"/></array></styleClasses><width><double value="3197.56934323773"/></width></zInvisibleFrame><zImage><assetSourceFilename><string value="Frosch_Animation_runterHoch_Stand.png"/></assetSourceFilename><height><double value="250"/></height><id><string value="0_250599723"/></id><localToWorld><transform2D x="30581.1369392815" y="-3218.667681443463" scale="6.4949862807143175" rotation="0"/></localToWorld><onlineAssetId><string value="4705647770"/></onlineAssetId><onlineAssetUrl><string value="http://0103.static.prezi.com.s3.amazonaws.com/media/f/2/3/3e7e84b9e4c48be11495f9afb450be0620690.png"/></onlineAssetUrl><width><double value="250"/></width></zImage><zImage><assetSourceFilename><string value="Frosch_Animation_linksRechts_Bewegung_01.png"/></assetSourceFilename><height><double value="250"/></height><id><string value="5_250599723"/></id><localToWorld><transform2D x="27670.40134371445" y="-20853.032327669025" scale="8.390162709102308" rotation="3.141592653589793"/></localToWorld><onlineAssetId><string value="4705646800"/></onlineAssetId><onlineAssetUrl><string value="http://0103.static.prezi.com.s3.amazonaws.com/media/7/2/2/1c6456281be4301a119edc1fce4c2483d59ca.png"/></onlineAssetUrl><width><double value="250"/></width></zImage><zImage><assetSourceFilename><string value="Frosch_Animation_runterHoch_Stand.png"/></assetSourceFilename><height><double value="250"/></height><id><string value="6_250599723"/></id><localToWorld><transform2D x="8760.241873691037" y="-15352.250384526758" scale="10.414210600286138" rotation="-1.5707963267948966"/></localToWorld><onlineAssetId><string value="4705647770"/></onlineAssetId><onlineAssetUrl><string value="http://0103.static.prezi.com.s3.amazonaws.com/media/f/2/3/3e7e84b9e4c48be11495f9afb450be0620690.png"/></onlineAssetUrl><width><double value="250"/></width></zImage><zImage><assetSourceFilename><string value="ProblemzonenFrosch.png"/></assetSourceFilename><height><double value="340"/></height><id><string value="10_250599723"/></id><localToWorld><transform2D x="33975.6616713388" y="-23481.92393341797" scale="14.82983952264272" rotation="0"/></localToWorld><onlineAssetId><string value="4706579108"/></onlineAssetId><onlineAssetUrl><string value="http://0103.static.prezi.com.s3.amazonaws.com/media/5/8/c/6205b722a4f4b8bc1aec593bbed869541d5b0.png"/></onlineAssetUrl><width><double value="418"/></width></zImage><zImage><assetSourceFilename><string value="Schriftzug_Problemzonen.png"/></assetSourceFilename><height><double value="131"/></height><id><string value="9_250599723"/></id><localToWorld><transform2D x="33954.46372425644" y="-21306.38647544628" scale="8.325126455151569" rotation="-0.11131180048906995"/></localToWorld><onlineAssetId><string value="4706579056"/></onlineAssetId><onlineAssetUrl><string value="http://0103.static.prezi.com.s3.amazonaws.com/media/7/7/a/1bcab3ad75491818800dfe594e53d912488b6.png"/></onlineAssetUrl><width><double value="999"/></width></zImage><zImage><assetSourceFilename><string value="Grafik_Statistik.png"/></assetSourceFilename><height><double value="709"/></height><id><string value="11_250599723"/></id><localToWorld><transform2D x="18824.165729359396" y="742.097269846992" scale="3.4893740053277007" rotation="0"/></localToWorld><onlineAssetId><string value="4706579941"/></onlineAssetId><onlineAssetUrl><string value="http://0103.static.prezi.com.s3.amazonaws.com/media/c/2/6/38b59aa168c2b0c190a3b4c9b83d91b3b6cd9.png"/></onlineAssetUrl><width><double value="1191"/></width></zImage><zInvisibleFrame><height><double value="1678.730252574272"/></height><id><string value="24_250599723"/></id><localToWorld><transform2D x="-17735.01167486879" y="244.53618345236072" scale="4.693870074558271" rotation="0"/></localToWorld><styleClasses><array><token value="invisible"/></array></styleClasses><width><double value="2238.445308274042"/></width></zInvisibleFrame><zImage><assetSourceFilename><string value="Frosch_Animation_linksRechts_Bewegung_02.png"/></assetSourceFilename><height><double value="250"/></height><id><string value="15_250599723"/></id><localToWorld><transform2D x="-11233.16780057017" y="-2568.0738672270145" scale="7.653252508928985" rotation="0"/></localToWorld><onlineAssetId><string value="4705647366"/></onlineAssetId><onlineAssetUrl><string value="http://0103.static.prezi.com.s3.amazonaws.com/media/7/b/f/fb197fd897a60b0edd5a07ece7748f5d42765.png"/></onlineAssetUrl><width><double value="250"/></width></zImage><zInvisibleFrame><height><double value="688.6661926157828"/></height><id><string value="16"/></id><localToWorld><transform2D x="-28862.749381966783" y="-18462.46421839427" scale="9.31095195007092" rotation="0"/></localToWorld><styleClasses><array><token value="invisible"/></array></styleClasses><width><double value="854.4702373908003"/></width></zInvisibleFrame><zImage><assetSourceFilename><string value="item_views.png"/></assetSourceFilename><height><double value="236"/></height><id><string value="32_250599723"/></id><localToWorld><transform2D x="-5677.171681702172" y="-3128.6525295938286" scale="5.42390511585274" rotation="0"/></localToWorld><onlineAssetId><string value="4706787163"/></onlineAssetId><onlineAssetUrl><string value="http://0103.static.prezi.com.s3.amazonaws.com/media/4/1/f/87da699744324276205bfc0faf66184a79d8c.png"/></onlineAssetUrl><width><double value="583"/></width></zImage><zImage><assetSourceFilename><string value="item_controller.png"/></assetSourceFilename><height><double value="255"/></height><id><string value="33_250599723"/></id><localToWorld><transform2D x="-2426.1413483732713" y="-3086.4483835881188" scale="5.3145154328439475" rotation="0"/></localToWorld><onlineAssetId><string value="4706787271"/></onlineAssetId><onlineAssetUrl><string value="http://0103.static.prezi.com.s3.amazonaws.com/media/d/1/d/7fdba47813b72a00d9a54cf37e91b5dfefe62.png"/></onlineAssetUrl><width><double value="595"/></width></zImage><zImage><assetSourceFilename><string value="item_applivation.png"/></assetSourceFilename><height><double value="251"/></height><id><string value="34_250599723"/></id><localToWorld><transform2D x="1116.0007287479318" y="-3129.2868264145905" scale="5.4053618504994" rotation="0"/></localToWorld><onlineAssetId><string value="4706787370"/></onlineAssetId><onlineAssetUrl><string value="http://0103.static.prezi.com.s3.amazonaws.com/media/c/6/8/fd4d87953a517879e38b74fb6304cb480f543.png"/></onlineAssetUrl><width><double value="585"/></width></zImage><zImage><assetSourceFilename><string value="item_model.png"/></assetSourceFilename><height><double value="231"/></height><id><string value="35_250599723"/></id><localToWorld><transform2D x="4728.8052747585025" y="-3129.0222626902" scale="5.433224540450433" rotation="0"/></localToWorld><onlineAssetId><string value="4706787508"/></onlineAssetId><onlineAssetUrl><string value="http://0103.static.prezi.com.s3.amazonaws.com/media/6/d/5/10d8e0b9926b2c4f9fbcdef4ad06318e04138.png"/></onlineAssetUrl><width><double value="582"/></width></zImage><zImage><assetSourceFilename><string value="VielenDank.png"/></assetSourceFilename><height><double value="330"/></height><id><string value="1_250599723"/></id><localToWorld><transform2D x="-29255.95986342175" y="-42885.088150225485" scale="10.042590078469118" rotation="0"/></localToWorld><onlineAssetId><string value="4707103681"/></onlineAssetId><onlineAssetUrl><string value="http://0103.static.prezi.com.s3.amazonaws.com/media/b/8/b/3d1c4fe29ef2b7af73e710805890eac2e127d.png"/></onlineAssetUrl><width><double value="910"/></width></zImage><zImage><assetSourceFilename><string value="Frosch_Animation_linksRechts_Bewegung_01.png"/></assetSourceFilename><height><double value="250"/></height><id><string value="2_250599723"/></id><localToWorld><transform2D x="21593.38141786545" y="2066.251203870987" scale="9.595778514651178" rotation="0"/></localToWorld><onlineAssetId><string value="4705646800"/></onlineAssetId><onlineAssetUrl><string value="http://0103.static.prezi.com.s3.amazonaws.com/media/7/2/2/1c6456281be4301a119edc1fce4c2483d59ca.png"/></onlineAssetUrl><width><double value="250"/></width></zImage><zInvisibleFrame><height><double value="1602.1038851885455"/></height><id><string value="25_250599723"/></id><localToWorld><transform2D x="-6876.13934774391" y="-17775.273418811827" scale="3.665274396932855" rotation="0"/></localToWorld><styleClasses><array><token value="invisible"/></array></styleClasses><width><double value="2076.0427283263434"/></width></zInvisibleFrame><zImage><assetSourceFilename><string value="ProblemzonenBeseitigtFrosch.png"/></assetSourceFilename><height><double value="1300"/></height><id><string value="3_250599723"/></id><localToWorld><transform2D x="-6238.009641291965" y="-18326.898699793255" scale="4.358051233808563" rotation="0"/></localToWorld><onlineAssetId><string value="4707171342"/></onlineAssetId><onlineAssetUrl><string value="http://0103.static.prezi.com.s3.amazonaws.com/media/0/e/d/1b98b818b59bb025f67ccf6d5df4ff6419c19.png"/></onlineAssetUrl><width><double value="1228"/></width></zImage><zImage><assetSourceFilename><string value="Schriftzug_geschafft.png"/></assetSourceFilename><height><double value="127"/></height><id><string value="4_250599723"/></id><localToWorld><transform2D x="-6208.1754921283755" y="-16552.202996331274" scale="8.349504875724381" rotation="-0.2721334856261098"/></localToWorld><onlineAssetId><string value="4707173123"/></onlineAssetId><onlineAssetUrl><string value="http://0103.static.prezi.com.s3.amazonaws.com/media/e/2/d/c09ca39a16d1142f927538e0c7f77158cc0cf.png"/></onlineAssetUrl><width><double value="705"/></width></zImage><zImage><assetSourceFilename><string value="Timemachine.png"/></assetSourceFilename><height><double value="652"/></height><id><string value="43_250599723"/></id><localToWorld><transform2D x="23520.99841378151" y="-16344.758456380703" scale="6.122310452980082" rotation="0"/></localToWorld><onlineAssetId><string value="4707383162"/></onlineAssetId><onlineAssetUrl><string value="http://0103.static.prezi.com.s3.amazonaws.com/media/3/3/b/bb7f630424068be37d326d53b0911b11031be.png"/></onlineAssetUrl><width><double value="624"/></width></zImage><zImage><assetSourceFilename><string value="Frosch_Animation_linksRechts_Bewegung_02.png"/></assetSourceFilename><height><double value="250"/></height><id><string value="44_250599723"/></id><localToWorld><transform2D x="18941.89283935574" y="-15181.289883672505" scale="7.653252508928985" rotation="-3.141592653589793"/></localToWorld><onlineAssetId><string value="4705647366"/></onlineAssetId><onlineAssetUrl><string value="http://0103.static.prezi.com.s3.amazonaws.com/media/7/b/f/fb197fd897a60b0edd5a07ece7748f5d42765.png"/></onlineAssetUrl><width><double value="250"/></width></zImage><zImage><assetSourceFilename><string value="Frosch_Animation_runterHoch_Stand.png"/></assetSourceFilename><height><double value="250"/></height><id><string value="66_250599723"/></id><localToWorld><transform2D x="-194.00071247880578" y="-19749.375299282925" scale="7.315360573982184" rotation="-1.5707963267948966"/></localToWorld><onlineAssetId><string value="4705647770"/></onlineAssetId><onlineAssetUrl><string value="http://0103.static.prezi.com.s3.amazonaws.com/media/f/2/3/3e7e84b9e4c48be11495f9afb450be0620690.png"/></onlineAssetUrl><width><double value="250"/></width></zImage><zImage><assetSourceFilename><string value="Schriftzug_GitHub.png"/></assetSourceFilename><height><double value="121"/></height><id><string value="67_250599723"/></id><localToWorld><transform2D x="29493.15920290227" y="-12124.649861141539" scale="5.476434798868181" rotation="-0.21443401003406265"/></localToWorld><onlineAssetId><string value="4707386729"/></onlineAssetId><onlineAssetUrl><string value="http://0103.static.prezi.com.s3.amazonaws.com/media/1/d/c/1494ae7d673c137368701ee2c7f2a3ef6a95b.png"/></onlineAssetUrl><width><double value="500"/></width></zImage><zImage><assetSourceFilename><string value="001_Manuel.png"/></assetSourceFilename><height><double value="142"/></height><id><string value="68_250599723"/></id><localToWorld><transform2D x="3472.6652584191197" y="-18743.729399969736" scale="6.1750759501346355" rotation="0"/></localToWorld><onlineAssetId><string value="4707432364"/></onlineAssetId><onlineAssetUrl><string value="http://0103.static.prezi.com.s3.amazonaws.com/media/7/2/0/0031849ce2f7d91f56054e8c6b5bc31de894a.png"/></onlineAssetUrl><width><double value="765"/></width></zImage><zImage><assetSourceFilename><string value="003_Manuel.png"/></assetSourceFilename><height><double value="312"/></height><id><string value="70_250599723"/></id><localToWorld><transform2D x="2640.0394963590848" y="-16950.248848756568" scale="4.46738832208802" rotation="0"/></localToWorld><onlineAssetId><string value="4707432436"/></onlineAssetId><onlineAssetUrl><string value="http://0103.static.prezi.com.s3.amazonaws.com/media/8/9/4/7adfda52e892c6c403e48c7a1cf6c477aa609.png"/></onlineAssetUrl><width><double value="765"/></width></zImage><zImage><assetSourceFilename><string value="002_Manuel.png"/></assetSourceFilename><height><double value="340"/></height><id><string value="69_250599723"/></id><localToWorld><transform2D x="4037.787666516452" y="-17929.74258128259" scale="4.099485492502352" rotation="0"/></localToWorld><onlineAssetId><string value="4707432408"/></onlineAssetId><onlineAssetUrl><string value="http://0103.static.prezi.com.s3.amazonaws.com/media/7/2/4/3e7968325faaca880d4fbf8b50d1d81edbbe2.png"/></onlineAssetUrl><width><double value="624"/></width></zImage><zImage><assetSourceFilename><string value="Schriftzug_Canvas.png"/></assetSourceFilename><height><double value="130"/></height><id><string value="71_250599723"/></id><localToWorld><transform2D x="966.1588317886042" y="-19063.439053657417" scale="3.8996751956043267" rotation="-0.24976138926111704"/></localToWorld><onlineAssetId><string value="4707433089"/></onlineAssetId><onlineAssetUrl><string value="http://0103.static.prezi.com.s3.amazonaws.com/media/c/3/b/eba601160bf67ae0ea7c6833700d8533764d5.png"/></onlineAssetUrl><width><double value="475"/></width></zImage><zImage><assetSourceFilename><string value="Frogger_UML.png"/></assetSourceFilename><height><double value="1616"/></height><id><string value="72_250599723"/></id><localToWorld><transform2D x="1817.6374446091236" y="1037.7819106010002" scale="3.9829515492376624" rotation="0"/></localToWorld><onlineAssetId><string value="4707482233"/></onlineAssetId><onlineAssetUrl><string value="http://0103.static.prezi.com.s3.amazonaws.com/media/e/4/4/22f3260cc1c1162a93c7b9891195ca6372e4c.png"/></onlineAssetUrl><width><double value="4110"/></width></zImage><zInvisibleFrame><height><double value="3673.4342250075224"/></height><id><string value="73_250599723"/></id><localToWorld><transform2D x="1492.6389032889456" y="1495.3323605091937" scale="1.6166549491464535" rotation="0"/></localToWorld><styleClasses><array><token value="invisible"/></array></styleClasses><width><double value="2253.8626277950016"/></width></zInvisibleFrame><zInvisibleFrame><height><double value="3535.561356383844"/></height><id><string value="74_250599723"/></id><localToWorld><transform2D x="-2086.914180964546" y="665.0501567419104" scale="1.6166549491464535" rotation="0"/></localToWorld><styleClasses><array><token value="invisible"/></array></styleClasses><width><double value="2531.5569953451477"/></width></zInvisibleFrame><zInvisibleFrame><height><double value="553.127130239254"/></height><id><string value="75_250599723"/></id><localToWorld><transform2D x="6762.259018171109" y="1159.035894635161" scale="8.117627201936234" rotation="0"/></localToWorld><styleClasses><array><token value="invisible"/></array></styleClasses><width><double value="800"/></width></zInvisibleFrame><zInvisibleFrame><height><double value="3012.0420866594113"/></height><id><string value="76_250599723"/></id><localToWorld><transform2D x="-5656.7000517268625" y="1195.8300502753643" scale="1.6166549491464535" rotation="0"/></localToWorld><styleClasses><array><token value="invisible"/></array></styleClasses><width><double value="1377.342500734474"/></width></zInvisibleFrame><zInvisibleFrame><height><double value="334.0081136839967"/></height><id><string value="77_250599723"/></id><localToWorld><transform2D x="1755.3899327020831" y="1150.8730318309738" scale="20.615641032535304" rotation="0"/></localToWorld><styleClasses><array><token value="invisible"/></array></styleClasses><width><double value="800"/></width></zInvisibleFrame><zImage><assetSourceFilename><string value="Klasse_GameScene.png"/></assetSourceFilename><height><double value="100"/></height><id><string value="36_250599723"/></id><localToWorld><transform2D x="4104.709979619279" y="-16347.781760618462" scale="1.3386388344073208" rotation="0"/></localToWorld><onlineAssetId><string value="4707557468"/></onlineAssetId><onlineAssetUrl><string value="http://0103.static.prezi.com.s3.amazonaws.com/media/8/e/6/d9ded1ab49732de5be3b756d1e9a9dba32807.png"/></onlineAssetUrl><width><double value="693"/></width></zImage><zImage><assetSourceFilename><string value="Klasse_Timemachine.png"/></assetSourceFilename><height><double value="99"/></height><id><string value="38_250599723"/></id><localToWorld><transform2D x="24875.016764132073" y="-14832.497946005933" scale="1.1188278665287812" rotation="0"/></localToWorld><onlineAssetId><string value="4707558248"/></onlineAssetId><onlineAssetUrl><string value="http://0103.static.prezi.com.s3.amazonaws.com/media/8/d/3/ab8a9b88e88a888588f89f9620b153f05f869.png"/></onlineAssetUrl><width><double value="852"/></width></zImage><zImage><assetSourceFilename><string value="Schriftzug_Multithreading_Queue.png"/></assetSourceFilename><height><double value="465"/></height><id><string value="53_250599723"/></id><localToWorld><transform2D x="20717.870395804395" y="-18072.429976724827" scale="2.410708555381527" rotation="-0.3235982273993776"/></localToWorld><onlineAssetId><string value="4707560814"/></onlineAssetId><onlineAssetUrl><string value="http://0103.static.prezi.com.s3.amazonaws.com/media/c/f/b/c1cc26056856c31353000b2e8708c41c96bc7.png"/></onlineAssetUrl><width><double value="1122"/></width></zImage><zImage><assetSourceFilename><string value="005_Frog_FrogOnTree_moveOnTree.png"/></assetSourceFilename><height><double value="255"/></height><id><string value="58_250599723"/></id><localToWorld><transform2D x="13536.060558683452" y="-16162.298544249863" scale="6.582928395230964" rotation="-0.05645581323902787"/></localToWorld><onlineAssetId><string value="4707561809"/></onlineAssetId><onlineAssetUrl><string value="http://0103.static.prezi.com.s3.amazonaws.com/media/7/b/c/9f92e93f23933774716fcc85e1bcc57f2c0aa.png"/></onlineAssetUrl><width><double value="595"/></width></zImage><zImage><assetSourceFilename><string value="Frogger_Raster.png"/></assetSourceFilename><height><double value="1136"/></height><id><string value="16_250599723"/></id><localToWorld><transform2D x="-17833.94380896206" y="744.6694851731669" scale="5.523126120391006" rotation="0"/></localToWorld><onlineAssetId><string value="4706580633"/></onlineAssetId><onlineAssetUrl><string value="http://0103.static.prezi.com.s3.amazonaws.com/media/9/c/1/39f87ef100cce0e19f5dcd68c216b26f90663.png"/></onlineAssetUrl><width><double value="1800"/></width></zImage><zImage><assetSourceFilename><string value="Schiftzg_Raster.png"/></assetSourceFilename><height><double value="127"/></height><id><string value="42_250599723"/></id><localToWorld><transform2D x="-19827.248709505508" y="-2706.8448121967303" scale="8.723435013319252" rotation="0"/></localToWorld><onlineAssetId><string value="4706581330"/></onlineAssetId><onlineAssetUrl><string value="http://0103.static.prezi.com.s3.amazonaws.com/media/3/8/6/c544b58868e9aab5661726a0256cd11df2e93.png"/></onlineAssetUrl><width><double value="490"/></width></zImage><zImage><assetSourceFilename><string value="Bildschirmfoto 2017-01-19 um 15.25.10.png"/></assetSourceFilename><height><double value="632"/></height><id><string value="50_250599723"/></id><localToWorld><transform2D x="-28854.433644214252" y="-18116.304872432767" scale="8.002907134660003" rotation="0"/></localToWorld><mask><rectangle x="3" y="4" w="948" h="628"/></mask><onlineAssetId><string value="4706096889"/></onlineAssetId><onlineAssetUrl><string value="http://0103.static.prezi.com.s3.amazonaws.com/media/a/7/e/95196574d354ac999d081fbb4b1951f96269c.png"/></onlineAssetUrl><width><double value="951"/></width></zImage><zImage><assetSourceFilename><string value="Frogger_ProtoTyp.png"/></assetSourceFilename><height><double value="1183"/></height><id><string value="7_250599723"/></id><localToWorld><transform2D x="-18392.403147732188" y="-17992.154480629233" scale="3.797174771779897" rotation="0"/></localToWorld><onlineAssetId><string value="4706367187"/></onlineAssetId><onlineAssetUrl><string value="http://0103.static.prezi.com.s3.amazonaws.com/media/4/3/7/2b8ccf6138e800481930b9c9c97cc2cafce94.png"/></onlineAssetUrl><width><double value="1998"/></width></zImage><zImage><assetSourceFilename><string value="Schriftzug_Prototyp.png"/></assetSourceFilename><height><double value="128"/></height><id><string value="51_250599723"/></id><localToWorld><transform2D x="-18044.997285025136" y="-20431.489101307303" scale="6.19311293628375" rotation="-0.07287817068185343"/></localToWorld><onlineAssetId><string value="4706582778"/></onlineAssetId><onlineAssetUrl><string value="http://0103.static.prezi.com.s3.amazonaws.com/media/8/6/f/ec89e613d5a602793f029ee671fc168e571ec.png"/></onlineAssetUrl><width><double value="693"/></width></zImage><zImage><assetSourceFilename><string value="Schriftzug_Froggers.png"/></assetSourceFilename><height><double value="128"/></height><id><string value="52_250599723"/></id><localToWorld><transform2D x="-29016.312723708128" y="-20955.3963381056" scale="6.193112936283742" rotation="-0.07287817068185341"/></localToWorld><onlineAssetId><string value="4706582869"/></onlineAssetId><onlineAssetUrl><string value="http://0103.static.prezi.com.s3.amazonaws.com/media/7/5/f/c540d941bcdbc671587157c995832cc43e134.png"/></onlineAssetUrl><width><double value="652"/></width></zImage><zImage><assetSourceFilename><string value="001_Frog_FrogOnTree_callingTrigger.png"/></assetSourceFilename><height><double value="277"/></height><id><string value="64_250599723"/></id><localToWorld><transform2D x="12574.004103950583" y="-20256.10691706663" scale="3.064809843602681" rotation="-0.01615537875711236"/></localToWorld><onlineAssetId><string value="4711136314"/></onlineAssetId><onlineAssetUrl><string value="http://0103.static.prezi.com.s3.amazonaws.com/media/a/b/3/736887b3472df3a2692788e891ea8d6140f98.png"/></onlineAssetUrl><width><double value="822"/></width></zImage><zImage><assetSourceFilename><string value="001_Frog_FrogOnTree_collisionCheck.png"/></assetSourceFilename><height><double value="255"/></height><id><string value="45_250599723"/></id><localToWorld><transform2D x="12287.148526074088" y="-19643.621689946896" scale="3.329224520765812" rotation="0"/></localToWorld><onlineAssetId><string value="4709269456"/></onlineAssetId><onlineAssetUrl><string value="http://0103.static.prezi.com.s3.amazonaws.com/media/f/d/9/c03eca595d12e0eb267747eff40d6b59951b3.png"/></onlineAssetUrl><width><double value="964"/></width></zImage><zImage><assetSourceFilename><string value="002_Rivers_FrogOnTree_collisionCkeck.png"/></assetSourceFilename><height><double value="227"/></height><id><string value="55_250599723"/></id><localToWorld><transform2D x="11694.662442760862" y="-19034.590483857322" scale="3.9913438145811826" rotation="-0.04773667937464454"/></localToWorld><onlineAssetId><string value="4707561537"/></onlineAssetId><onlineAssetUrl><string value="http://0103.static.prezi.com.s3.amazonaws.com/media/1/9/8/0f8a2376c030bdeffdb60e4c9b9bf7a88c75b.png"/></onlineAssetUrl><width><double value="822"/></width></zImage><zImage><assetSourceFilename><string value="Klasse_Rivers.png"/></assetSourceFilename><height><double value="103"/></height><id><string value="63_250599723"/></id><localToWorld><transform2D x="12758.541809041679" y="-18944.16337630307" scale="0.9873800262577844" rotation="-0.047736679374644014"/></localToWorld><onlineAssetId><string value="4707562368"/></onlineAssetId><onlineAssetUrl><string value="http://0103.static.prezi.com.s3.amazonaws.com/media/3/8/8/07d458cca85d7666799289cab9fdfea621803.png"/></onlineAssetUrl><width><double value="432"/></width></zImage><zImage><assetSourceFilename><string value="Klasse_Frog.png"/></assetSourceFilename><height><double value="104"/></height><id><string value="60_250599723"/></id><localToWorld><transform2D x="13631.412895900045" y="-19476.022323956142" scale="0.6026771388453822" rotation="0"/></localToWorld><onlineAssetId><string value="4707562119"/></onlineAssetId><onlineAssetUrl><string value="http://0103.static.prezi.com.s3.amazonaws.com/media/7/6/9/5ff61e004b07a4a3112054a307e5a75c6cd55.png"/></onlineAssetUrl><width><double value="325"/></width></zImage><zImage><assetSourceFilename><string value="Schriftzug_FroOnTree.png"/></assetSourceFilename><height><double value="131"/></height><id><string value="59_250599723"/></id><localToWorld><transform2D x="10781.328041394368" y="-20538.08550675666" scale="3.224454999314175" rotation="-0.16876820579157287"/></localToWorld><onlineAssetId><string value="4707562037"/></onlineAssetId><onlineAssetUrl><string value="http://0103.static.prezi.com.s3.amazonaws.com/media/e/4/2/f58c4be37d7aed9c82a02608a8d614f8bfde9.png"/></onlineAssetUrl><width><double value="872"/></width></zImage><zImage><assetSourceFilename><string value="Statistik_Code.png"/></assetSourceFilename><height><double value="463"/></height><id><string value="54_250599723"/></id><localToWorld><transform2D x="26836.815839369174" y="-1875.559278777437" scale="3.0029173063388286" rotation="0"/></localToWorld><onlineAssetId><string value="4709271074"/></onlineAssetId><onlineAssetUrl><string value="http://0103.static.prezi.com.s3.amazonaws.com/media/7/6/7/4dd668a086a6f4c91b5befb0a21c6898e9ff0.png"/></onlineAssetUrl><width><double value="1406"/></width></zImage><zImage><assetSourceFilename><string value="003_River_FrogOnTree_collisionCheck.png"/></assetSourceFilename><height><double value="397"/></height><id><string value="27_250599723"/></id><localToWorld><transform2D x="13008.39743078731" y="-18057.790366335346" scale="4.050462332412949" rotation="0"/></localToWorld><onlineAssetId><string value="4710438334"/></onlineAssetId><onlineAssetUrl><string value="http://0103.static.prezi.com.s3.amazonaws.com/media/5/2/b/bd7f99b5313114bd6efa13eda1d791978999b.png"/></onlineAssetUrl><width><double value="822"/></width></zImage><zImage><assetSourceFilename><string value="Klasse_River.png"/></assetSourceFilename><height><double value="102"/></height><id><string value="65_250599723"/></id><localToWorld><transform2D x="14258.646452615163" y="-17560.244227476112" scale="1.2053542776907653" rotation="0"/></localToWorld><onlineAssetId><string value="4707562470"/></onlineAssetId><onlineAssetUrl><string value="http://0103.static.prezi.com.s3.amazonaws.com/media/6/3/b/d9c146ed605f40279b1c1df12dd292525f3bf.png"/></onlineAssetUrl><width><double value="370"/></width></zImage><zInvisibleFrame><height><double value="600"/></height><id><string value="87_250599723"/></id><localToWorld><transform2D x="13081.508962273652" y="-18110.554560522974" scale="2.33841318778076" rotation="0"/></localToWorld><styleClasses><array><token value="invisible"/></array></styleClasses><width><double value="1432.2771059124686"/></width></zInvisibleFrame><zImage><assetSourceFilename><string value="004_Frog_FrogOnTree_calling.png"/></assetSourceFilename><height><double value="283"/></height><id><string value="57_250599723"/></id><localToWorld><transform2D x="11726.447080662345" y="-17076.71635898047" scale="3.339637042809949" rotation="0"/></localToWorld><onlineAssetId><string value="4707561730"/></onlineAssetId><onlineAssetUrl><string value="http://0103.static.prezi.com.s3.amazonaws.com/media/d/2/5/0599e8aa07c3a9d5e1c53b83e04bc8fb061b8.png"/></onlineAssetUrl><width><double value="595"/></width></zImage><zImage><assetSourceFilename><string value="Klasse_Frog.png"/></assetSourceFilename><height><double value="104"/></height><id><string value="61_250599723"/></id><localToWorld><transform2D x="12241.977105230684" y="-16853.00260504107" scale="1.2053542776907658" rotation="0"/></localToWorld><onlineAssetId><string value="4707562119"/></onlineAssetId><onlineAssetUrl><string value="http://0103.static.prezi.com.s3.amazonaws.com/media/7/6/9/5ff61e004b07a4a3112054a307e5a75c6cd55.png"/></onlineAssetUrl><width><double value="325"/></width></zImage><zSwfGraphics><assetSourceFilename><string value="FroggerUML.pdf"/></assetSourceFilename><height><double value="595"/></height><id><string value="56_250599723"/></id><localToWorld><transform2D x="1353.5589496754335" y="42964.83014609806" scale="34.626207384336844" rotation="0"/></localToWorld><onlineAssetId><string value="4710735389"/></onlineAssetId><onlineAssetUrl><string value="http://0103.static.prezi.com.s3.amazonaws.com/media/7/f/3/31bd6c4a131d5d98ce3cd161fb79e44ec065c_pdf_page_1.swf"/></onlineAssetUrl><width><double value="841"/></width></zSwfGraphics><zImage><assetSourceFilename><string value="Klasse_Frog.png"/></assetSourceFilename><height><double value="104"/></height><id><string value="78_250599723"/></id><localToWorld><transform2D x="13505.042016636306" y="-20205.20078515941" scale="0.6026771388453821" rotation="-0.01615537875711219"/></localToWorld><onlineAssetId><string value="4707562119"/></onlineAssetId><onlineAssetUrl><string value="http://0103.static.prezi.com.s3.amazonaws.com/media/7/6/9/5ff61e004b07a4a3112054a307e5a75c6cd55.png"/></onlineAssetUrl><width><double value="325"/></width></zImage></array></zObjects></prezi>